dr7objid,ra,dec,z,petroR50_r,deVAB_r,seeing_r,run,camcol,rerun,field,Zoo1,image
587722983908442326,227.6719,0.4441944,0.072534,3.959201,0.9999868,1.181304,752,5,40,562,E,fpC-000752-r5-0562.fit.gz
587742551227957505,243.2292,11.08264,0.0409202,4.434981,0.9999866,1.03291,5308,4,40,339,E,fpC-005308-r4-0339.fit.gz
587735742617419887,242.7583,29.52467,0.0519764,4.135752,0.999982,1.111955,3723,2,40,131,E,fpC-003723-r2-0131.fit.gz
588017947736277140,169.1874,40.93919,0.0753653,3.927433,0.9999635,1.222247,3893,2,41,96,E,fpC-003893-r2-0096.fit.gz
588015509281898683,28.65937,0.2041944,0.0824676,3.625144,0.9999338,1.04598,3325,4,41,299,E,fpC-003325-r4-0299.fit.gz
587728669876355363,116.6787,36.07333,0.0634857,4.889564,0.9998947,1.301759,2076,4,40,75,E,fpC-002076-r4-0075.fit.gz
587741602035990673,194.9971,27.19744,0.0606448,7.247511,0.9998807,1.354506,5087,4,40,275,E,fpC-005087-r4-0275.fit.gz
587742015427444811,175.005,23.33892,0.0503273,4.810638,0.9998758,1.495531,5183,6,40,288,E,fpC-005183-r6-0288.fit.gz
587741489302667418,180.1484,29.19619,0.0810569,3.585777,0.9998681,1.104306,5061,2,40,421,E,fpC-005061-r2-0421.fit.gz
588010358545055747,170.0742,4.320361,0.0490992,4.800957,0.9998343,1.092529,2126,2,41,340,E,fpC-002126-r2-0340.fit.gz
588018253215301834,225.2531,44.58061,0.0868509,5.012039,0.9998142,1.171274,3964,3,41,88,E,fpC-003964-r3-0088.fit.gz
587739405705150653,176.0388,33.48228,0.0314832,4.118118,0.9998139,1.150863,4576,1,40,398,E,fpC-004576-r1-0398.fit.gz
587735742612373777,231.5807,36.31008,0.0654444,3.395131,0.9998009,1.045399,3723,2,40,54,E,fpC-003723-r2-0054.fit.gz
587745540520345646,155.6189,15.75389,0.0444046,5.059065,0.9997632,1.511051,6004,4,40,265,E,fpC-006004-r4-0265.fit.gz
587735663163605142,160.1679,40.64408,0.0816505,4.557088,0.9997296,1.143558,3704,6,40,178,E,fpC-003704-r6-0178.fit.gz
588017977832505698,221.9192,33.12775,0.0869804,4.250106,0.999719,0.9692987,3900,2,41,576,E,fpC-003900-r2-0576.fit.gz
587742901790179455,191.2473,16.47261,0.060275,3.113905,0.9997168,0.938925,5390,1,40,118,E,fpC-005390-r1-0118.fit.gz
587727943496695864,149.1395,1.849222,0.0327812,5.644514,0.9996946,1.575604,1907,3,40,177,E,fpC-001907-r3-0177.fit.gz
587739381529051357,229.4967,26.87806,0.0849014,6.104288,0.9990851,1.220989,4570,4,40,140,E,fpC-004570-r4-0140.fit.gz
587738569774596261,178.5969,15.20528,0.0806143,3.478197,0.9990655,0.8819914,4381,4,40,54,E,fpC-004381-r4-0054.fit.gz
587731185673371767,14.41742,-0.5912778,0.0456035,4.06146,0.9964798,1.245092,2662,2,40,379,E,fpC-002662-r2-0379.fit.gz
587742575917924495,214.8884,16.85717,0.0726555,4.563347,0.9964656,1.163507,5314,2,40,246,E,fpC-005314-r2-0246.fit.gz
587729773145817262,207.4749,-2.623222,0.0754143,4.55394,0.9947816,1.346606,2333,3,40,71,E,fpC-002333-r3-0071.fit.gz
588017977277677607,171.0698,38.01545,0.035597,6.486909,0.9946526,1.898481,3900,1,41,302,E,fpC-003900-r1-0302.fit.gz
588017725479321651,196.7077,7.444056,0.0459288,4.723905,0.9941781,0.9930434,3841,4,41,212,E,fpC-003841-r4-0212.fit.gz
588017703489241360,230.8083,8.645445,0.0351439,4.123946,0.9940635,1.231552,3836,3,41,542,E,fpC-003836-r3-0542.fit.gz
587732577759199691,128.5966,3.760111,0.0760064,3.992548,0.993511,1.210071,2986,3,40,67,E,fpC-002986-r3-0067.fit.gz
587738067267682515,119.2228,53.16603,0.0846751,3.822921,0.9931608,1.204121,4264,4,40,119,E,fpC-004264-r4-0119.fit.gz
587736584433762658,230.057,32.00895,0.0796451,4.920451,0.9929439,1.123469,3919,2,40,173,E,fpC-003919-r2-0173.fit.gz
587742062674116748,161.6653,21.86736,0.0469605,4.706965,0.9927955,1.385224,5194,6,40,319,E,fpC-005194-r6-0319.fit.gz
588017979450196262,239.0479,26.77006,0.0829732,4.343097,0.9924346,1.287234,3900,5,41,684,E,fpC-003900-r5-0684.fit.gz
587741533326016558,180.3723,30.25167,0.0718541,4.744576,0.99147,1.315253,5071,4,40,420,E,fpC-005071-r4-0420.fit.gz
587731891649052897,167.9878,57.079,0.045773,4.589789,0.9911891,1.382279,2826,5,40,233,E,fpC-002826-r5-0233.fit.gz
587739844846157859,216.633,21.55717,0.030602,4.414187,0.9897617,1.267219,4678,3,40,102,E,fpC-004678-r3-0102.fit.gz
588023045865406507,134.586,17.53786,0.0488798,6.574049,0.9896997,1.064669,5080,2,41,141,E,fpC-005080-r2-0141.fit.gz
588298664114913405,199.6087,47.22317,0.0571104,5.869097,0.9896285,1.052546,3716,5,42,104,E,fpC-003716-r5-0104.fit.gz
588011217522458757,194.3382,61.46903,0.0609007,4.36957,0.9894927,1.293887,2326,2,41,95,E,fpC-002326-r2-0095.fit.gz
587726031167160447,162.5135,1.157917,0.0393148,4.212177,0.9889399,1.293805,1462,1,40,248,E,fpC-001462-r1-0248.fit.gz
587736542563664101,234.7283,6.664444,0.0373564,4.688635,0.9888102,1.039329,3909,4,40,262,E,fpC-003909-r4-0262.fit.gz
587739407850799314,170.8347,34.66117,0.0408494,4.253129,0.9884423,1.218152,4576,5,40,370,E,fpC-004576-r5-0370.fit.gz
587742611347997022,238.7515,10.88236,0.0725649,4.530778,0.9883851,1.402242,5322,4,40,194,E,fpC-005322-r4-0194.fit.gz
587733409909309526,213.7153,50.40231,0.0745484,4.667009,0.9883638,1.328052,3180,1,40,70,E,fpC-003180-r1-0070.fit.gz
587739380455768301,230.1737,25.68081,0.0323675,6.314058,0.988286,1.298792,4570,2,40,147,E,fpC-004570-r2-0147.fit.gz
587732702326292539,154.0009,6.251444,0.0458396,4.84747,0.9878688,1.204338,3015,3,40,266,E,fpC-003015-r3-0266.fit.gz
587741708328829127,133.5103,17.34264,0.0668217,3.678471,0.987557,1.041299,5112,2,40,159,E,fpC-005112-r2-0159.fit.gz
587726015088689421,225.2191,1.764194,0.0416113,3.602345,0.9871628,1.110733,1458,3,40,670,E,fpC-001458-r3-0670.fit.gz
587739406228848653,142.026,26.38314,0.0434722,4.394293,0.9870162,1.313506,4576,2,40,197,E,fpC-004576-r2-0197.fit.gz
588017702939132115,200.1568,11.51594,0.0725902,4.866414,0.9863954,1.309312,3836,2,41,340,E,fpC-003836-r2-0340.fit.gz
587741531702951994,148.9685,23.99783,0.0598225,4.179729,0.9859301,1.230861,5071,1,40,230,E,fpC-005071-r1-0230.fit.gz
587736543094374455,220.6933,8.725583,0.0341775,4.448015,0.9857292,1.073408,3909,5,40,168,E,fpC-003909-r5-0168.fit.gz
587736543633211403,225.229,8.58225,0.0555646,4.350787,0.9851069,1.099759,3909,6,40,198,E,fpC-003909-r6-0198.fit.gz
587726016144670854,184.6137,3.325667,0.0772634,4.211903,0.9848993,1.275953,1458,5,40,399,E,fpC-001458-r5-0399.fit.gz
588010359615258698,162.0459,5.001667,0.0345521,9.455086,0.9848861,1.181855,2126,4,41,286,E,fpC-002126-r4-0286.fit.gz
587739810500510111,245.1257,14.37086,0.0537835,4.119104,0.984874,1.279761,4670,3,40,317,E,fpC-004670-r3-0317.fit.gz
587742576455581896,216.8212,16.83097,0.0515315,5.608524,0.9848115,1.184282,5314,3,40,258,E,fpC-005314-r3-0258.fit.gz
588017703489634333,231.6228,8.590611,0.0345359,4.042532,0.9847974,1.155781,3836,3,41,548,E,fpC-003836-r3-0548.fit.gz
588018056722907351,213.1452,49.76983,0.0708895,4.414466,0.9839928,1.17111,3918,5,41,124,E,fpC-003918-r5-0124.fit.gz
587738950957858991,205.8073,35.00286,0.0346499,4.952044,0.9835976,1.343158,4470,2,40,129,E,fpC-004470-r2-0129.fit.gz
587741531711996075,171.6046,28.44908,0.0733785,3.521543,0.9835777,1.026894,5071,1,40,368,E,fpC-005071-r1-0368.fit.gz
588017721714999495,173.2284,42.49208,0.0338489,4.474816,0.983545,1.230883,3840,5,41,117,E,fpC-003840-r5-0117.fit.gz
588017724403548221,192.005,6.778278,0.079865,4.334764,0.9834752,1.164154,3841,2,41,181,E,fpC-003841-r2-0181.fit.gz
587726031171944615,173.5043,1.349889,0.0755802,4.892045,0.9830798,1.376532,1462,1,40,321,E,fpC-001462-r1-0321.fit.gz
588017990703186271,235.2323,5.933195,0.0498501,5.484833,0.9827316,1.515351,3903,2,41,359,E,fpC-003903-r2-0359.fit.gz
587739132417081407,209.7271,35.25555,0.0349916,4.257284,0.9814097,1.202519,4512,4,40,81,E,fpC-004512-r4-0081.fit.gz
588017947755741264,225.7383,34.14742,0.0778156,6.912033,0.9810358,1.285614,3893,2,41,393,E,fpC-003893-r2-0393.fit.gz
587736976890200124,247.4724,20.23256,0.0357297,4.333263,0.9809867,1.023332,4010,5,40,231,E,fpC-004010-r5-0231.fit.gz
587732483287089347,186.6413,49.90583,0.0869493,4.306426,0.9806274,1.173247,2964,3,40,329,E,fpC-002964-r3-0329.fit.gz
587741392103145853,129.6129,20.46039,0.0941978,3.813873,0.9800442,1.102934,5038,5,40,26,E,fpC-005038-r5-0026.fit.gz
587741816781209661,147.0381,20.30911,0.0396128,3.592332,0.9795987,1.067837,5137,4,40,227,E,fpC-005137-r4-0227.fit.gz
588017948285337689,206.173,40.46728,0.075363,5.061806,0.9787429,1.419051,3893,3,41,282,E,fpC-003893-r3-0282.fit.gz
587734622699061348,117.6578,22.99114,0.0450753,7.905945,0.9785014,1.306142,3462,4,40,45,E,fpC-003462-r4-0045.fit.gz
587742577520541734,195.8518,20.19692,0.0638053,4.322736,0.977941,1.123115,5314,5,40,124,E,fpC-005314-r5-0124.fit.gz
587726014005575905,203.767,1.347333,0.0797385,3.740249,0.9778982,1.168351,1458,1,40,527,E,fpC-001458-r1-0527.fit.gz
587731185651613943,324.8045,-0.5085278,0.0637467,4.235634,0.9776772,1.043848,2662,2,40,47,E,fpC-002662-r2-0047.fit.gz
587733442656010273,231.3459,48.44011,0.0371954,4.14852,0.9774929,1.273031,3187,6,40,33,E,fpC-003187-r6-0033.fit.gz
587731869631578318,169.942,54.4673,0.0692177,3.696736,0.9765422,1.182312,2821,4,40,145,E,fpC-002821-r4-0145.fit.gz
587739720846868660,241.2487,17.87036,0.0331903,4.993267,0.9764856,1.410248,4649,4,40,375,E,fpC-004649-r4-0375.fit.gz
587731185668849851,4.120917,-0.6073889,0.068189,4.182617,0.9763132,1.163959,2662,2,40,310,E,fpC-002662-r2-0310.fit.gz
588017626155057366,184.0281,44.649,0.075543,4.925402,0.9759158,1.109207,3818,3,41,164,E,fpC-003818-r3-0164.fit.gz
587722952767439331,237.2022,-4.444444E-4,0.0958177,4.482485,0.9757413,1.278779,745,3,40,524,E,fpC-000745-r3-0524.fit.gz
587729971254132942,226.5928,-1.751833,0.0368449,4.907811,0.9756566,1.241331,2379,4,40,116,E,fpC-002379-r4-0116.fit.gz
587736543097258295,227.3353,7.885334,0.0449372,4.642185,0.974765,0.99327,3909,5,40,212,E,fpC-003909-r5-0212.fit.gz
587727180064620725,10.58,-9.387722,0.058153,4.808106,0.9739515,1.534157,1729,5,40,152,E,fpC-001729-r5-0152.fit.gz
588017726543888561,175.6221,8.318806,0.0857875,3.614336,0.9729146,1.141171,3841,6,41,72,E,fpC-003841-r6-0072.fit.gz
587739707938570335,194.8332,30.02489,0.0842325,7.092687,0.9723818,1.243361,4646,4,40,18,E,fpC-004646-r4-0018.fit.gz
588017713122902167,211.0218,49.97978,0.0709719,3.536729,0.9717153,1.130124,3838,5,41,84,E,fpC-003838-r5-0084.fit.gz
587739827676250280,241.4463,15.79097,0.0409915,7.781086,0.9715186,1.321408,4674,3,40,254,E,fpC-004674-r3-0254.fit.gz
587731874459681001,119.023,33.74453,0.0742873,5.923598,0.971202,1.133519,2822,5,40,88,E,fpC-002822-r5-0088.fit.gz
587742575914385583,206.5355,18.01344,0.0722673,5.639201,0.9709376,1.005078,5314,2,40,192,E,fpC-005314-r2-0192.fit.gz
587742576446996576,196.275,19.29494,0.0697379,3.23793,0.9703528,0.9772691,5314,3,40,127,E,fpC-005314-r3-0127.fit.gz
587733604267590015,246.7392,39.12772,0.0309376,4.069822,0.9701331,1.093298,3225,3,40,238,E,fpC-003225-r3-0238.fit.gz
587725551731409003,118.649,44.15181,0.0313902,4.874791,0.970057,1.285954,1350,4,40,95,E,fpC-001350-r4-0095.fit.gz
587739131890303010,234.5177,26.26122,0.0344926,4.707673,0.9695458,1.022291,4512,3,40,235,E,fpC-004512-r3-0235.fit.gz
587736585499771048,210.3177,39.71564,0.0791091,3.616339,0.9693022,1.032966,3919,4,40,55,E,fpC-003919-r4-0055.fit.gz
587738411943067776,166.6172,15.36828,0.0881435,4.502452,0.9691268,1.426862,4344,6,40,184,E,fpC-004344-r6-0184.fit.gz
587731185125818492,350.1211,-1.002417,0.0312728,5.238196,0.9690908,1.05052,2662,1,40,216,E,fpC-002662-r1-0216.fit.gz
588017977832505476,221.8802,33.10175,0.0875241,6.135684,0.9689788,0.9692987,3900,2,41,576,E,fpC-003900-r2-0576.fit.gz
587736940373410047,220.4272,33.30283,0.0574615,4.419803,0.968772,1.141411,4002,1,40,85,E,fpC-004002-r1-0085.fit.gz
587736543099683022,232.9259,7.287389,0.0342011,4.293392,0.9684219,1.0146,3909,5,40,249,E,fpC-003909-r5-0249.fit.gz
588007005807837240,253.62,39.37197,0.0352605,3.461901,0.9683207,1.058215,1345,5,41,670,E,fpC-001345-r5-0670.fit.gz
587739380990411044,225.0419,28.01544,0.0467663,5.063489,0.968208,1.099158,4570,3,40,113,E,fpC-004570-r3-0113.fit.gz
587741490889687530,123.1165,15.70208,0.0876464,3.732724,0.9681076,1.077381,5061,5,40,61,E,fpC-005061-r5-0061.fit.gz
587729160049000586,214.9642,5.061111,0.087485,5.646064,0.9679059,1.792021,2190,5,40,220,E,fpC-002190-r5-0220.fit.gz
588017724938977304,188.6647,7.118111,0.0839514,3.452063,0.9678658,1.009784,3841,3,41,159,E,fpC-003841-r3-0159.fit.gz
588010359615258696,162.0496,4.998583,0.0343433,6.461204,0.9676791,1.181855,2126,4,41,286,E,fpC-002126-r4-0286.fit.gz
587741830731137142,165.4195,24.85892,0.0675203,5.525798,0.9672731,1.276414,5140,6,40,94,E,fpC-005140-r6-0094.fit.gz
587739706332938345,207.4811,27.14758,0.0628525,5.733921,0.9668438,1.306497,4646,1,40,94,E,fpC-004646-r1-0094.fit.gz
588017978914243028,240.8366,25.30925,0.0878956,4.024847,0.9668075,0.9402086,3900,4,41,698,E,fpC-003900-r4-0698.fit.gz
587733603718922320,214.6883,55.87422,0.078154,4.530324,0.9667184,1.352774,3225,2,40,58,E,fpC-003225-r2-0058.fit.gz
587739380457209910,233.4166,24.40469,0.0434307,6.522106,0.9664101,1.356999,4570,2,40,169,E,fpC-004570-r2-0169.fit.gz
588017979953643559,147.4671,34.71411,0.0387985,8.169257,0.9663342,1.339587,3900,6,41,174,E,fpC-003900-r6-0174.fit.gz
587726031722315945,204.3322,1.681722,0.0771873,4.139095,0.9662395,1.130373,1462,2,40,527,E,fpC-001462-r2-0527.fit.gz
587739721370370254,209.9026,28.09208,0.0737901,5.106642,0.9662064,1.620461,4649,5,40,171,E,fpC-004649-r5-0171.fit.gz
587739381530886377,233.615,25.15483,0.035176,4.673241,0.9656888,1.313284,4570,4,40,168,E,fpC-004570-r4-0168.fit.gz
587739827662290999,208.8058,25.05181,0.0311195,6.631146,0.9654934,1.66705,4674,3,40,41,E,fpC-004674-r3-0041.fit.gz
587733410986393778,224.64,47.49761,0.085487,6.416906,0.9653745,1.273799,3180,3,40,121,E,fpC-003180-r3-0121.fit.gz
587742576460890259,229.1061,14.42397,0.0559848,3.625748,0.9652154,1.122674,5314,3,40,339,E,fpC-005314-r3-0339.fit.gz
587733603717021863,207.3724,57.482,0.0704933,4.685957,0.964735,1.24057,3225,2,40,29,E,fpC-003225-r2-0029.fit.gz
588848899908632698,170.7286,-0.2021944,0.0898748,4.049089,0.9647321,1.174056,756,3,44,367,E,fpC-000756-r3-0367.fit.gz
588011101035626607,243.7694,43.59553,0.0650983,4.918787,0.9647009,1.53453,2299,1,41,311,E,fpC-002299-r1-0311.fit.gz
587735744223969490,234.7891,36.0905,0.0654052,5.033786,0.9645653,1.188464,3723,5,40,69,E,fpC-003723-r5-0069.fit.gz
587742629059297417,216.8862,15.52497,0.0536416,4.854906,0.964086,1.472425,5326,5,40,111,E,fpC-005326-r5-0111.fit.gz
587738568175845526,206.5853,13.08381,0.0812233,3.90631,0.9640183,1.125063,4381,1,40,235,E,fpC-004381-r1-0235.fit.gz
587728879792947520,130.1434,2.611333,0.0496372,6.512706,0.9633285,1.60916,2125,3,40,76,E,fpC-002125-r3-0076.fit.gz
587725471207063715,130.8217,52.75795,0.0587711,5.082862,0.9632598,1.601237,1331,6,40,191,E,fpC-001331-r6-0191.fit.gz
587741490359107704,137.0556,21.1678,0.0802546,3.473147,0.9631603,0.9762511,5061,4,40,157,E,fpC-005061-r4-0157.fit.gz
587739158722969818,137.1395,28.12989,0.0472483,4.317327,0.9628609,1.28657,4518,5,40,69,E,fpC-004518-r5-0069.fit.gz
587742863132459162,164.809,15.50228,0.0889578,4.208131,0.9628073,1.073122,5381,1,40,72,E,fpC-005381-r1-0072.fit.gz
587736975809052959,230.8918,27.75303,0.0682233,3.359823,0.9627162,1.072692,4010,3,40,118,E,fpC-004010-r3-0118.fit.gz
587722982828081350,212.5145,-0.3558611,0.0829837,4.648856,0.9626475,1.440209,752,3,40,461,E,fpC-000752-r3-0461.fit.gz
587736619865407501,248.2567,22.79739,0.0363555,8.92122,0.9625722,1.153283,3927,4,40,145,E,fpC-003927-r4-0145.fit.gz
587732578311340137,163.6089,7.142722,0.0523751,5.884805,0.9618133,1.523654,2986,4,40,300,E,fpC-002986-r4-0300.fit.gz
587739720305082445,230.039,21.90478,0.0383694,6.062806,0.9618132,1.224687,4649,3,40,300,E,fpC-004649-r3-0300.fit.gz
587742864745365654,170.0785,17.17822,0.0539236,4.767538,0.9616985,1.201112,5381,4,40,107,E,fpC-005381-r4-0107.fit.gz
587732049480384567,136.7938,46.21114,0.040355,5.21246,0.9616527,1.451045,2863,3,40,100,E,fpC-002863-r3-0100.fit.gz
588017977832767707,222.51,32.83336,0.0852191,3.242079,0.9615803,1.00092,3900,2,41,580,E,fpC-003900-r2-0580.fit.gz
587729158986137787,239.7897,2.799583,0.0477245,5.453783,0.9615523,1.303396,2190,3,40,386,E,fpC-002190-r3-0386.fit.gz
587734690352070863,139.8526,6.467195,0.0609873,3.960912,0.9612668,1.029725,3478,2,40,156,E,fpC-003478-r2-0156.fit.gz
588298664118452274,210.8629,45.23533,0.0408397,3.74514,0.9612272,1.031681,3716,5,42,158,E,fpC-003716-r5-0158.fit.gz
588017625610649675,160.5559,41.61097,0.0799726,3.538428,0.9610563,1.112449,3818,2,41,49,E,fpC-003818-r2-0049.fit.gz
588017625623167135,199.6907,43.23536,0.0523029,4.362691,0.9608091,1.198557,3818,2,41,240,E,fpC-003818-r2-0240.fit.gz
587736545778991181,235.93,4.253806,0.0422969,3.039633,0.9606908,0.9455733,3910,2,40,172,E,fpC-003910-r2-0172.fit.gz
587742549608235242,222.2301,15.24725,0.066679,4.223568,0.9605992,0.99085,5308,1,40,200,E,fpC-005308-r1-0200.fit.gz
588017627219558598,155.1764,41.60775,0.0949815,3.295026,0.9604036,1.056922,3818,5,41,23,E,fpC-003818-r5-0023.fit.gz
588018089473016052,245.5363,27.34844,0.094467,4.470033,0.9603086,1.178863,3926,2,41,139,E,fpC-003926-r2-0139.fit.gz
587733410457976921,244.5023,35.11028,0.0313649,7.234951,0.9601678,1.252696,3180,2,40,250,E,fpC-003180-r2-0250.fit.gz
588017991237435568,229.1946,7.027,0.0387034,9.021869,0.9600829,1.088537,3903,3,41,319,E,fpC-003903-r3-0319.fit.gz
587736478675042420,240.8247,7.52575,0.049316,3.355798,0.9599284,1.06635,3894,5,40,247,E,fpC-003894-r5-0247.fit.gz
587736961847066753,215.3267,32.35925,0.0636814,5.048573,0.9598212,1.303082,4007,1,40,67,E,fpC-004007-r1-0067.fit.gz
587739810491138188,224.0427,21.99233,0.0462569,4.389153,0.9598098,1.131834,4670,3,40,174,E,fpC-004670-r3-0174.fit.gz
587739845923045487,224.4115,20.49817,0.0667536,4.645471,0.9594792,1.414582,4678,5,40,150,E,fpC-004678-r5-0150.fit.gz
587726015093211396,235.4799,1.4215,0.0848146,4.103767,0.9594399,1.203145,1458,3,40,739,E,fpC-001458-r3-0739.fit.gz
587731500258754725,152.4353,52.96069,0.0453674,4.768368,0.9592807,1.237554,2735,4,40,59,E,fpC-002735-r4-0059.fit.gz
587742062126825750,137.1411,16.04656,0.0718498,4.680972,0.9591322,1.21174,5194,5,40,160,E,fpC-005194-r5-0160.fit.gz
587742775623352352,158.2936,16.62561,0.0995231,4.785159,0.9582697,1.401913,5360,6,40,85,E,fpC-005360-r6-0085.fit.gz
587736783075868872,253.162,24.32689,0.0475073,4.781873,0.958176,1.304235,3965,4,40,171,E,fpC-003965-r4-0171.fit.gz
587731187273564379,350.6897,0.6704722,0.0679755,3.584653,0.9581332,1.10716,2662,5,40,220,E,fpC-002662-r5-0220.fit.gz
588017978379272336,244.5452,22.553,0.0515876,3.13484,0.957786,0.982047,3900,3,41,727,E,fpC-003900-r3-0727.fit.gz
587730817364066370,342.0584,-9.041778,0.0656356,4.348319,0.9576438,1.331117,2576,4,40,137,E,fpC-002576-r4-0137.fit.gz
587732772664573959,178.7873,10.82775,0.0492284,4.36321,0.9571607,1.353002,3031,6,40,391,E,fpC-003031-r6-0391.fit.gz
587731874461450288,122.2475,36.6875,0.0304692,4.983716,0.9571154,1.015718,2822,5,40,115,E,fpC-002822-r5-0115.fit.gz
588023046404112580,138.615,19.37117,0.0780757,3.642275,0.9568634,1.117783,5080,3,41,169,E,fpC-005080-r3-0169.fit.gz
587742864211312713,176.8304,17.19078,0.0685561,5.060631,0.9567435,1.089668,5381,3,40,150,E,fpC-005381-r3-0150.fit.gz
587734303269519629,338.6902,-1.082278,0.089788,3.845094,0.9565765,1.072316,3388,1,40,177,E,fpC-003388-r1-0177.fit.gz
587736586581573665,231.7097,33.14297,0.0699039,7.971357,0.9560452,1.244057,3919,6,40,178,E,fpC-003919-r6-0178.fit.gz
588016891714601060,161.6382,39.98289,0.0300679,4.8705,0.9559492,1.335598,3647,3,41,148,E,fpC-003647-r3-0148.fit.gz
587729782810345880,257.4323,34.40708,0.0792161,4.601604,0.955788,1.446911,2335,5,40,84,E,fpC-002335-r5-0084.fit.gz
587739646743543945,163.4189,30.208,0.035264,4.160133,0.955725,1.135983,4632,2,40,144,E,fpC-004632-r2-0144.fit.gz
587735348035846341,179.2217,14.51603,0.044997,3.627044,0.9553487,1.007763,3631,3,40,414,E,fpC-003631-r3-0414.fit.gz
588017605235769514,228.0007,36.65197,0.0656927,6.358539,0.9552603,1.458491,3813,4,41,449,E,fpC-003813-r4-0449.fit.gz
587742550155788518,246.5035,9.397278,0.0328681,3.660121,0.9551999,1.008982,5308,2,40,363,E,fpC-005308-r2-0363.fit.gz
587739302609944661,194.5527,33.59222,0.0738576,4.979714,0.9550512,1.406778,4552,1,40,154,E,fpC-004552-r1-0154.fit.gz
587739407874326628,233.0048,25.57167,0.0336441,5.241088,0.954841,1.382421,4576,5,40,729,E,fpC-004576-r5-0729.fit.gz
587738067802063207,114.4516,48.36897,0.0619853,5.087205,0.9543214,1.058733,4264,5,40,81,E,fpC-004264-r5-0081.fit.gz
587729652350845004,252.0731,35.90014,0.0322279,5.672016,0.954308,1.61442,2305,2,40,86,E,fpC-002305-r2-0086.fit.gz
587738409261793326,173.9748,13.70408,0.0798004,4.979191,0.9542013,1.368791,4344,1,40,231,E,fpC-004344-r1-0231.fit.gz
588017724931637458,171.8615,7.019361,0.06341,3.579318,0.9540846,1.115566,3841,3,41,47,E,fpC-003841-r3-0047.fit.gz
587732484366336050,205.9854,48.86911,0.0625937,3.759266,0.9540609,1.126464,2964,5,40,413,E,fpC-002964-r5-0413.fit.gz
587732482746482752,173.694,48.95611,0.0315984,4.881291,0.9539341,1.158288,2964,2,40,272,E,fpC-002964-r2-0272.fit.gz
587732771586375760,168.4814,9.642805,0.0412722,4.515647,0.9538895,1.327038,3031,4,40,323,E,fpC-003031-r4-0323.fit.gz
588017724933931102,177.0544,7.106361,0.0707814,4.128461,0.9538608,0.969404,3841,3,41,82,E,fpC-003841-r3-0082.fit.gz
588017949900603458,219.7833,38.13422,0.0316163,5.279296,0.9538073,1.37732,3893,6,41,353,E,fpC-003893-r6-0353.fit.gz
587742775101227087,193.5914,17.77486,0.0646682,5.299349,0.9537979,1.369124,5360,5,40,310,E,fpC-005360-r5-0310.fit.gz
587736619864162499,245.917,24.47419,0.0386641,5.086811,0.9537462,1.213933,3927,4,40,126,E,fpC-003927-r4-0126.fit.gz
587741724965797952,179.2005,23.98953,0.0520053,4.52228,0.9535506,1.251649,5116,1,40,67,E,fpC-005116-r1-0067.fit.gz
588298663043858576,207.8447,45.14828,0.0917861,4.858046,0.9535478,1.035035,3716,3,42,145,E,fpC-003716-r3-0145.fit.gz
587741490372477093,169.8993,29.1505,0.058824,3.735336,0.9535147,1.167685,5061,4,40,361,E,fpC-005061-r4-0361.fit.gz
587742013301195011,226.4988,16.65072,0.0513192,3.375056,0.9535119,1.065227,5183,2,40,612,E,fpC-005183-r2-0612.fit.gz
588295841247789063,174.1273,49.13136,0.0371115,6.224779,0.9531326,1.612945,3059,3,42,106,E,fpC-003059-r3-0106.fit.gz
587726033320345619,175.5135,3.004694,0.0405974,4.777918,0.9522889,1.365827,1462,5,40,335,E,fpC-001462-r5-0335.fit.gz
588016840167391909,116.9957,18.56692,0.0448328,3.84777,0.9522647,1.158009,3635,3,41,32,E,fpC-003635-r3-0032.fit.gz
587739719221051538,204.912,27.40458,0.0350673,4.918226,0.9522624,1.527592,4649,1,40,143,E,fpC-004649-r1-0143.fit.gz
587739408387473511,170.0933,35.07097,0.0609975,5.665507,0.9520776,1.298464,4576,6,40,367,E,fpC-004576-r6-0367.fit.gz
587742013272817734,157.8687,19.70633,0.0438841,6.26591,0.9520634,1.318899,5183,2,40,179,E,fpC-005183-r2-0179.fit.gz
587739384743395605,245.925,18.0785,0.0891146,4.249007,0.9519195,1.24282,4571,2,40,35,E,fpC-004571-r2-0035.fit.gz
587726101482307748,211.0258,4.578528,0.0880505,4.615447,0.9517927,1.326158,1478,4,40,20,E,fpC-001478-r4-0020.fit.gz
587733196235014221,199.6249,54.06642,0.032703,5.465304,0.9517875,1.388752,3130,3,40,75,E,fpC-003130-r3-0075.fit.gz
587732482197946494,139.1962,38.53767,0.0709954,4.607617,0.951708,1.364369,2964,1,40,94,E,fpC-002964-r1-0094.fit.gz
587739406779875415,178.5717,34.50142,0.0632926,3.895755,0.9515129,1.085705,4576,3,40,413,E,fpC-004576-r3-0413.fit.gz
587736541481074983,214.4696,7.992472,0.0551512,4.425463,0.9513636,1.079832,3909,2,40,127,E,fpC-003909-r2-0127.fit.gz
587729159504658632,197.8835,5.123361,0.0612304,4.499768,0.9512979,1.440481,2190,4,40,106,E,fpC-002190-r4-0106.fit.gz
587728309103165709,170.4067,2.694083,0.0487097,4.319465,0.9511847,1.11443,1992,4,40,137,E,fpC-001992-r4-0137.fit.gz
587742013298049327,219.2236,18.37064,0.048309,4.070622,0.950987,1.099894,5183,2,40,564,E,fpC-005183-r2-0564.fit.gz
587727178445029442,349.6934,-10.39925,0.0317014,7.942424,0.9505785,1.706742,1729,2,40,15,E,fpC-001729-r2-0015.fit.gz
587738947213262945,163.2836,37.75414,0.0598135,4.039399,0.9503717,1.294381,4469,3,40,335,E,fpC-004469-r3-0335.fit.gz
587736975273689354,234.1623,25.90681,0.094673,3.994957,0.9498613,1.105883,4010,2,40,141,E,fpC-004010-r2-0141.fit.gz
587739814246023211,246.4087,16.45503,0.0343137,5.381724,0.949818,1.381366,4671,2,40,125,E,fpC-004671-r2-0125.fit.gz
587729971785629958,214.3179,-1.589222,0.0772215,3.845766,0.9494346,1.229486,2379,5,40,34,E,fpC-002379-r5-0034.fit.gz
587739406778105968,173.7276,34.05581,0.073665,3.359186,0.949405,1.086586,4576,3,40,386,E,fpC-004576-r3-0386.fit.gz
587741531709243444,164.4138,27.49367,0.0453656,5.88525,0.9488792,1.419795,5071,1,40,326,E,fpC-005071-r1-0326.fit.gz
588018055659716742,240.5983,36.10989,0.0310453,4.794074,0.9488359,1.202192,3918,3,41,285,E,fpC-003918-r3-0285.fit.gz
588016890639745113,158.8047,38.52508,0.0430443,4.839668,0.9483793,1.491091,3647,1,41,131,E,fpC-003647-r1-0131.fit.gz
588017949883695237,168.6806,42.50961,0.0723133,4.450784,0.9475726,1.246207,3893,6,41,95,E,fpC-003893-r6-0095.fit.gz
587739381528068256,227.083,27.70264,0.0810198,3.993773,0.9474233,1.041609,4570,4,40,125,E,fpC-004570-r4-0125.fit.gz
587735343717155081,124.3825,6.101555,0.0948847,4.902352,0.947069,1.075247,3630,3,40,52,E,fpC-003630-r3-0052.fit.gz
588017947218477217,224.4915,34.16308,0.0884234,5.861516,0.9469213,1.257875,3893,1,41,387,E,fpC-003893-r1-0387.fit.gz
587722984432402584,198.213,1.001806,0.0742607,4.864283,0.9468836,1.475034,752,6,40,365,E,fpC-000752-r6-0365.fit.gz
588017626686619768,167.0592,43.62483,0.0755967,4.817057,0.9466044,1.544453,3818,4,41,83,E,fpC-003818-r4-0083.fit.gz
588017605223776377,193.2632,45.01247,0.0777218,6.196949,0.9465272,1.694982,3813,4,41,266,E,fpC-003813-r4-0266.fit.gz
588023045863768098,130.906,16.25756,0.0745988,3.464731,0.9464804,1.112641,5080,2,41,116,E,fpC-005080-r2-0116.fit.gz
587737826206679422,111.7475,38.01253,0.0801844,4.140604,0.9460393,1.182374,4208,3,40,28,E,fpC-004208-r3-0028.fit.gz
587736919434461496,244.7635,26.11169,0.0689528,3.655745,0.9460152,1.16603,3997,2,40,70,E,fpC-003997-r2-0070.fit.gz
587733605331763294,223.5507,54.50675,0.0380491,4.507061,0.9459514,1.012579,3225,5,40,92,E,fpC-003225-r5-0092.fit.gz
587727225689538702,358.557,-10.41903,0.0776602,7.655022,0.9459372,1.146665,1740,2,40,13,E,fpC-001740-r2-0013.fit.gz
588017626155122882,184.194,44.67105,0.0861695,3.9405,0.9457432,1.210041,3818,3,41,165,E,fpC-003818-r3-0165.fit.gz
587735744225542163,238.2607,34.04408,0.0745905,5.08152,0.9456288,1.09103,3723,5,40,93,E,fpC-003723-r5-0093.fit.gz
587739719757398148,203.64,27.94875,0.0391757,4.782419,0.9454179,1.427938,4649,2,40,135,E,fpC-004649-r2-0135.fit.gz
587726015089869102,227.8559,1.685639,0.0363981,3.690016,0.9453001,1.19912,1458,3,40,688,E,fpC-001458-r3-0688.fit.gz
587742863673262248,174.1002,16.74825,0.0682452,3.394689,0.9452994,1.055001,5381,2,40,132,E,fpC-005381-r2-0132.fit.gz
587741709404995630,138.6911,20.12783,0.0324943,4.36828,0.9446022,1.048181,5112,4,40,196,E,fpC-005112-r4-0196.fit.gz
587741489288249481,143.9872,22.81989,0.0813653,4.320642,0.9444821,1.207891,5061,2,40,201,E,fpC-005061-r2-0201.fit.gz
587726032765124830,133.6664,1.613722,0.0717266,3.475352,0.9437895,1.121174,1462,4,40,55,E,fpC-001462-r4-0055.fit.gz
587737808493936696,118.1842,45.94928,0.0517978,4.295243,0.9437569,1.35027,4204,2,40,89,E,fpC-004204-r2-0089.fit.gz
587736921046122533,247.6628,25.60944,0.0424839,4.79574,0.9434868,1.33297,3997,5,40,86,E,fpC-003997-r5-0086.fit.gz
587738947736633610,129.6608,25.8392,0.0857729,4.657943,0.9432696,1.509458,4469,4,40,129,E,fpC-004469-r4-0129.fit.gz
587732483267625259,129.3889,33.75191,0.0450838,5.395138,0.9431672,1.161631,2964,3,40,32,E,fpC-002964-r3-0032.fit.gz
587725470129651890,123.3991,45.86167,0.0490878,4.271308,0.9431281,1.117715,1331,4,40,135,E,fpC-001331-r4-0135.fit.gz
587731499187962018,163.4024,54.86794,0.0715972,4.96843,0.9429445,1.264736,2735,2,40,104,E,fpC-002735-r2-0104.fit.gz
587738946146861087,184.7329,39.14014,0.0369785,5.559453,0.9428205,1.438243,4469,1,40,447,E,fpC-004469-r1-0447.fit.gz
587738067265126777,115.1682,48.05147,0.0414558,3.882621,0.9425043,1.030682,4264,4,40,80,E,fpC-004264-r4-0080.fit.gz
587741722286358642,193.55,27.62608,0.0859091,4.134793,0.9424501,1.141975,5115,4,40,142,E,fpC-005115-r4-0142.fit.gz
587742062680014989,176.1338,23.11483,0.0505935,6.057203,0.9422475,1.232263,5194,6,40,409,E,fpC-005194-r6-0409.fit.gz
587739646200316003,147.5931,25.796,0.0515457,5.260693,0.9421579,1.380333,4632,1,40,47,E,fpC-004632-r1-0047.fit.gz
587742550675423315,206.8966,18.48528,0.0661426,3.696295,0.9421074,0.9861774,5308,3,40,100,E,fpC-005308-r3-0100.fit.gz
588013381670994051,187.1973,51.26525,0.0865222,5.587617,0.9420918,1.234107,2830,1,41,429,E,fpC-002830-r1-0429.fit.gz
588018091084349794,247.8679,27.20289,0.0875584,4.169103,0.9418822,1.253499,3926,5,41,150,E,fpC-003926-r5-0150.fit.gz
587741391568896124,135.6429,22.63206,0.0375383,4.852321,0.9418079,1.03818,5038,4,40,66,E,fpC-005038-r4-0066.fit.gz
587733398639935614,230.2244,45.32136,0.0641805,4.42828,0.941792,1.435114,3177,4,40,145,E,fpC-003177-r4-0145.fit.gz
587741488762978407,172.8179,28.21808,0.0750287,3.90011,0.941725,1.218736,5061,1,40,378,E,fpC-005061-r1-0378.fit.gz
587722952767766870,237.9451,-0.1051667,0.0544176,4.093378,0.9413095,1.320694,745,3,40,529,E,fpC-000745-r3-0529.fit.gz
587736543102173537,238.5324,6.560333,0.0694375,3.284679,0.941219,0.9832686,3909,5,40,287,E,fpC-003909-r5-0287.fit.gz
587739406260895952,225.87,27.15444,0.0810992,5.270143,0.9411464,1.16933,4576,2,40,686,E,fpC-004576-r2-0686.fit.gz
587729226611687442,228.3869,58.91808,0.0709425,4.929265,0.9411421,1.401857,2206,1,40,78,E,fpC-002206-r1-0078.fit.gz
587741490371428488,167.1752,28.95053,0.0344863,4.117331,0.9411098,1.311693,5061,4,40,345,E,fpC-005061-r4-0345.fit.gz
587739406802944011,237.8646,22.61981,0.0475533,3.945274,0.9410559,1.204616,4576,3,40,765,E,fpC-004576-r3-0765.fit.gz
588018054585188605,238.3544,36.71619,0.0573436,4.311387,0.9409513,1.36525,3918,1,41,273,E,fpC-003918-r1-0273.fit.gz
587736976882663469,230.9031,28.64308,0.0840879,4.769693,0.940949,1.258334,4010,5,40,116,E,fpC-004010-r5-0116.fit.gz
587739406255980591,213.728,30.88933,0.0531833,3.982464,0.9408027,1.103439,4576,2,40,611,E,fpC-004576-r2-0611.fit.gz
587736618792452157,249.2637,21.05533,0.0310166,5.834368,0.9406619,1.127661,3927,2,40,157,E,fpC-003927-r2-0157.fit.gz
587725473882439790,158.4453,62.23706,0.0307602,5.372341,0.9405326,1.580486,1332,3,40,54,E,fpC-001332-r3-0054.fit.gz
587736618788323435,240.9572,26.54208,0.0487003,5.17819,0.9398766,1.255838,3927,2,40,94,E,fpC-003927-r2-0094.fit.gz
587733411523657890,226.1642,47.43653,0.088499,4.430514,0.9398316,1.415019,3180,4,40,127,E,fpC-003180-r4-0127.fit.gz
588017725470539946,176.531,7.494389,0.0930887,3.512677,0.9395494,1.05472,3841,4,41,78,E,fpC-003841-r4-0078.fit.gz
588017703466303564,177.4695,12.18592,0.0840131,6.333516,0.9394421,1.666058,3836,3,41,192,E,fpC-003836-r3-0192.fit.gz
587739707949776986,223.0722,24.77603,0.0482069,3.83062,0.93942,1.217673,4646,4,40,189,E,fpC-004646-r4-0189.fit.gz
587733441049002077,239.1135,42.10117,0.0386135,4.386926,0.9393595,1.041638,3187,3,40,88,E,fpC-003187-r3-0088.fit.gz
587735744230719601,248.9036,26.50489,0.069805,3.663159,0.9393538,1.149568,3723,5,40,172,E,fpC-003723-r5-0172.fit.gz
587729158980894886,227.8113,3.498778,0.0769115,4.917507,0.9392356,1.465222,2190,3,40,306,E,fpC-002190-r3-0306.fit.gz
587731869097459802,180.7999,54.84722,0.0504784,4.258068,0.9391217,1.271352,2821,3,40,187,E,fpC-002821-r3-0187.fit.gz
587739132964569195,236.2901,26.50611,0.0321108,5.743924,0.9387463,1.120777,4512,5,40,243,E,fpC-004512-r5-0243.fit.gz
587739843770843314,212.7147,21.51392,0.057385,5.061817,0.9385979,1.351556,4678,1,40,78,E,fpC-004678-r1-0078.fit.gz
587734304875544741,328.1335,0.1664167,0.0528345,4.254992,0.9384829,1.303891,3388,4,40,107,E,fpC-003388-r4-0107.fit.gz
587742012742500366,173.7233,21.08975,0.0635647,4.039212,0.9382378,1.233128,5183,1,40,279,E,fpC-005183-r1-0279.fit.gz
587737809026810265,112.025,37.98944,0.0625208,4.010468,0.9381405,1.215139,4204,3,40,28,E,fpC-004204-r3-0028.fit.gz
588017704561541148,227.5295,10.11094,0.0827336,3.868532,0.9379299,1.02537,3836,5,41,520,E,fpC-003836-r5-0520.fit.gz
587734304879542576,337.2907,0.07886111,0.0568694,3.585975,0.9377923,1.082926,3388,4,40,168,E,fpC-003388-r4-0168.fit.gz
587742013822533818,189.2609,22.26369,0.0618537,3.92784,0.9377759,1.232547,5183,3,40,375,E,fpC-005183-r3-0375.fit.gz
587736921041993832,239.1716,31.36194,0.0475219,3.351759,0.9377522,1.083391,3997,5,40,23,E,fpC-003997-r5-0023.fit.gz
587733080814780480,191.851,54.98703,0.08331,4.245249,0.9376621,1.356575,3103,4,40,182,E,fpC-003103-r4-0182.fit.gz
587732591715942484,183.8379,60.65039,0.0981675,4.170604,0.9376083,1.274727,2989,5,40,38,E,fpC-002989-r5-0038.fit.gz
587741602567028770,179.9536,27.85411,0.0507083,6.829223,0.9375809,1.279719,5087,5,40,186,E,fpC-005087-r5-0186.fit.gz
588018055665352787,251.6371,27.31825,0.0443924,5.528499,0.9375479,1.153615,3918,3,41,371,E,fpC-003918-r3-0371.fit.gz
587728677927845983,167.5095,63.64194,0.0328079,5.651857,0.9374725,1.225373,2078,3,40,51,E,fpC-002078-r3-0051.fit.gz
588017625623167160,199.6854,43.20211,0.0747853,4.410718,0.9371791,1.198557,3818,2,41,240,E,fpC-003818-r2-0240.fit.gz
587736542560780648,228.1826,7.393,0.0411969,3.030676,0.9369602,0.9712281,3909,4,40,218,E,fpC-003909-r4-0218.fit.gz
587736542548066430,198.8743,9.850166,0.0496499,4.959244,0.9368228,0.9321669,3909,4,40,24,E,fpC-003909-r4-0024.fit.gz
587741828046913650,166.06,22.7578,0.0922796,3.618206,0.9367911,1.083899,5140,1,40,96,E,fpC-005140-r1-0096.fit.gz
587730774422585457,352.8621,14.773,0.051837,3.108665,0.9367386,1.008161,2566,4,40,262,E,fpC-002566-r4-0262.fit.gz
587726015083970766,214.3617,2.046889,0.0547049,4.183932,0.9367049,1.152162,1458,3,40,598,E,fpC-001458-r3-0598.fit.gz
587726015627001921,228.4462,2.098028,0.0390285,3.639377,0.9363694,1.131022,1458,4,40,692,E,fpC-001458-r4-0692.fit.gz
587739380450197663,216.6918,30.14925,0.053363,4.375638,0.9362745,1.305379,4570,2,40,62,E,fpC-004570-r2-0062.fit.gz
588298662506332320,205.6907,45.00978,0.0633342,4.105001,0.9361181,1.13743,3716,2,42,135,E,fpC-003716-r2-0135.fit.gz
588017116665741365,218.9453,43.0935,0.082111,4.559445,0.9361086,1.445784,3699,6,41,182,E,fpC-003699-r6-0182.fit.gz
587731870171004947,179.9674,55.53486,0.0808613,6.339134,0.9359271,1.313157,2821,5,40,184,E,fpC-002821-r5-0184.fit.gz
587731187279069315,3.300833,0.7429444,0.0387975,3.797301,0.935142,1.168591,2662,5,40,304,E,fpC-002662-r5-0304.fit.gz
587727220862288018,326.519,10.91003,0.0835427,3.613859,0.934789,1.121436,1739,1,40,83,E,fpC-001739-r1-0083.fit.gz
587731869096738820,177.973,54.74978,0.0962596,4.158185,0.934661,1.281427,2821,3,40,176,E,fpC-002821-r3-0176.fit.gz
587739707943747720,208.2785,28.2285,0.0634805,4.402168,0.9344473,1.262991,4646,4,40,97,E,fpC-004646-r4-0097.fit.gz
587739707947221123,216.9924,26.5045,0.0322976,7.851471,0.9343531,1.356643,4646,4,40,150,E,fpC-004646-r4-0150.fit.gz
587742577530044619,218.6787,17.36514,0.0955743,6.275954,0.9343406,1.279586,5314,5,40,269,E,fpC-005314-r5-0269.fit.gz
587739154428068144,121.7464,19.85167,0.0387783,4.621464,0.9343365,1.479386,4517,5,40,70,E,fpC-004517-r5-0070.fit.gz
588017992310128758,226.9123,8.282444,0.0804868,3.676395,0.9342943,1.078123,3903,5,41,303,E,fpC-003903-r5-0303.fit.gz
587742568393539655,150.1973,16.87008,0.0704514,4.451657,0.9342323,1.076122,5312,4,40,121,E,fpC-005312-r4-0121.fit.gz
587722982836863293,232.5993,-0.3389722,0.070929,3.77772,0.9342197,1.178974,752,3,40,595,E,fpC-000752-r3-0595.fit.gz
587726032769057022,142.6546,1.995667,0.0367022,4.057527,0.9340554,1.239233,1462,4,40,115,E,fpC-001462-r4-0115.fit.gz
587741490356158735,130.5301,18.56036,0.0723712,5.091184,0.9339438,0.9586473,5061,4,40,112,E,fpC-005061-r4-0112.fit.gz
587736618787733575,239.6028,27.22953,0.0882326,4.442617,0.9337962,1.182581,3927,2,40,85,E,fpC-003927-r2-0085.fit.gz
587738569781411998,194.7995,15.16544,0.0621276,3.535542,0.9335247,1.104738,4381,4,40,158,E,fpC-004381-r4-0158.fit.gz
587733442125758610,246.368,37.86469,0.0313906,3.9054,0.9335146,1.1503,3187,5,40,134,E,fpC-003187-r5-0134.fit.gz
587742550681911429,222.2375,16.15361,0.039118,5.575816,0.9335043,1.011257,5308,3,40,199,E,fpC-005308-r3-0199.fit.gz
587738066189942843,113.8653,44.70192,0.043061,5.953629,0.9333615,1.236152,4264,2,40,58,E,fpC-004264-r2-0058.fit.gz
587729160055685192,230.3439,4.341694,0.0521801,8.486322,0.9333475,1.410928,2190,5,40,322,E,fpC-002190-r5-0322.fit.gz
587742013836558669,223.1531,17.94569,0.0710923,4.001727,0.9333401,0.9918367,5183,3,40,589,E,fpC-005183-r3-0589.fit.gz
587739302611910793,200.0614,33.14342,0.0360979,7.659196,0.933219,1.279939,4552,1,40,184,E,fpC-004552-r1-0184.fit.gz
587739828212531367,240.3384,16.67661,0.0315889,5.507256,0.9332134,1.358979,4674,4,40,245,E,fpC-004674-r4-0245.fit.gz
588010136806621196,147.1259,57.19106,0.0316641,5.441893,0.9331408,1.413714,2074,5,41,176,E,fpC-002074-r5-0176.fit.gz
587742575377711203,206.8837,17.50908,0.0444354,3.671371,0.933014,1.102013,5314,1,40,195,E,fpC-005314-r1-0195.fit.gz
588007004189163804,235.6182,52.99744,0.0690804,4.787796,0.9329457,1.386955,1345,2,41,547,E,fpC-001345-r2-0547.fit.gz
587736920509120614,247.1922,25.49469,0.0401047,5.342068,0.9329079,1.235813,3997,4,40,84,E,fpC-003997-r4-0084.fit.gz
587728930803548202,129.096,43.47353,0.066536,5.161302,0.9327348,1.40929,2137,2,40,196,E,fpC-002137-r2-0196.fit.gz
587735346962104391,179.2139,13.686,0.0556555,4.978683,0.9326034,1.045264,3631,1,40,414,E,fpC-003631-r1-0414.fit.gz
588017990157140112,214.1419,7.799972,0.06399,4.480649,0.9324491,1.287522,3903,1,41,219,E,fpC-003903-r1-0219.fit.gz
587732483279159456,159.5585,47.03259,0.0625363,3.92659,0.9323733,1.105645,2964,3,40,208,E,fpC-002964-r3-0208.fit.gz
588017704561410391,227.3342,10.00522,0.0847714,3.394612,0.9323089,1.043943,3836,5,41,518,E,fpC-003836-r5-0518.fit.gz
587732053782298801,137.9935,41.43694,0.0935521,3.958518,0.9322628,1.196466,2864,3,40,206,E,fpC-002864-r3-0206.fit.gz
588017625072599108,157.4707,40.33328,0.0674383,4.40493,0.9322131,1.273887,3818,1,41,31,E,fpC-003818-r1-0031.fit.gz
587726102563389638,227.8814,4.5175,0.0378631,7.211415,0.9319731,1.900357,1478,6,40,132,E,fpC-001478-r6-0132.fit.gz
587727942953402551,134.5206,1.15375,0.0711896,4.704674,0.931754,1.345135,1907,2,40,79,E,fpC-001907-r2-0079.fit.gz
588017979443183837,222.576,34.09394,0.0890595,4.462023,0.9316825,1.126465,3900,5,41,577,E,fpC-003900-r5-0577.fit.gz
587736783611429053,251.1319,26.68817,0.045457,13.23348,0.9315653,1.609519,3965,5,40,151,E,fpC-003965-r5-0151.fit.gz
587739380987985959,219.064,29.90839,0.0346528,6.304738,0.9314521,1.362895,4570,3,40,76,E,fpC-004570-r3-0076.fit.gz
587733608548991116,236.6528,46.53303,0.0652353,4.937235,0.931381,1.254284,3226,3,40,31,E,fpC-003226-r3-0031.fit.gz
588017111289954370,164.4047,45.63442,0.042698,4.270446,0.93114,1.366352,3698,4,41,74,E,fpC-003698-r4-0074.fit.gz
588017703487995911,227.855,9.224527,0.0341237,5.670065,0.9310147,1.14052,3836,3,41,523,E,fpC-003836-r3-0523.fit.gz
588017978876493983,139.5981,30.54319,0.0626431,5.007249,0.9307823,1.245509,3900,4,41,122,E,fpC-003900-r4-0122.fit.gz
587741532773482537,141.1169,22.42858,0.0317112,5.183734,0.9307055,1.105353,5071,3,40,181,E,fpC-005071-r3-0181.fit.gz
587738946676785159,164.4748,37.54192,0.0355869,5.429309,0.9304868,1.382643,4469,2,40,341,E,fpC-004469-r2-0341.fit.gz
588018090548527194,249.5141,25.30272,0.0365948,4.800826,0.9302122,1.294134,3926,4,41,166,E,fpC-003926-r4-0166.fit.gz
587739504477863990,206.0588,29.80411,0.0593408,4.214128,0.9300866,1.364642,4599,1,40,222,E,fpC-004599-r1-0222.fit.gz
587734863218081795,149.1616,8.489417,0.0300318,4.332267,0.9298894,1.153729,3518,4,40,58,E,fpC-003518-r4-0058.fit.gz
588017978358300686,191.2188,39.59797,0.0548129,4.185026,0.9298257,1.268958,3900,3,41,407,E,fpC-003900-r3-0407.fit.gz
587742012743549032,176.3233,21.42064,0.0680905,5.683664,0.9295384,1.345587,5183,1,40,295,E,fpC-005183-r1-0295.fit.gz
587733603734913462,253.5308,31.38761,0.0989177,4.002571,0.9293843,1.197512,3225,2,40,302,E,fpC-003225-r2-0302.fit.gz
587742061068484653,173.989,21.72261,0.0364871,4.707111,0.9293675,1.487688,5194,3,40,395,E,fpC-005194-r3-0395.fit.gz
587738570847092881,175.6788,15.86419,0.0853916,3.903888,0.929356,1.051557,4381,6,40,35,E,fpC-004381-r6-0035.fit.gz
587736915686457753,237.8631,9.129361,0.0919982,2.964899,0.9292728,0.9301402,3996,3,40,224,E,fpC-003996-r3-0224.fit.gz
587741602033631242,188.89,27.54961,0.0498645,4.369582,0.9292285,1.169418,5087,4,40,239,E,fpC-005087-r4-0239.fit.gz
587742775087792252,161.5265,16.72619,0.0656696,4.663842,0.929215,1.289007,5360,5,40,105,E,fpC-005360-r5-0105.fit.gz
587741532770598932,134.4695,20.12253,0.0309243,6.805309,0.929109,1.216643,5071,3,40,137,E,fpC-005071-r3-0137.fit.gz
588297864728215625,170.1422,46.8245,0.0535395,5.05593,0.9291068,1.442568,3530,4,42,319,E,fpC-003530-r4-0319.fit.gz
587741603113271314,204.1507,27.2422,0.0358014,4.914024,0.9290273,1.257109,5087,6,40,329,E,fpC-005087-r6-0329.fit.gz
587734893826867354,180.0596,10.69675,0.0612245,5.948065,0.9287722,1.671289,3525,5,40,167,E,fpC-003525-r5-0167.fit.gz
587736941989724238,234.7734,28.76133,0.0643066,5.259297,0.9285815,1.068207,4002,4,40,172,E,fpC-004002-r4-0172.fit.gz
587739811035807766,241.7427,16.16225,0.0407294,4.057618,0.9285194,1.136038,4670,4,40,293,E,fpC-004670-r4-0293.fit.gz
587741489831084149,158.319,26.9965,0.0835412,4.113163,0.9285103,1.255262,5061,3,40,292,E,fpC-005061-r3-0292.fit.gz
587729777450549297,228.7882,-1.968222,0.0501157,4.015411,0.9284579,1.285995,2334,3,40,220,E,fpC-002334-r3-0220.fit.gz
587735743151013911,235.9789,34.48206,0.0692355,6.269357,0.9283499,1.025763,3723,3,40,81,E,fpC-003723-r3-0081.fit.gz
587735742615781394,239.2444,31.90969,0.0478581,4.660341,0.9283444,1.103975,3723,2,40,106,E,fpC-003723-r2-0106.fit.gz
587733605327831093,208.7967,58.51772,0.0720576,3.758952,0.9283212,1.151042,3225,5,40,32,E,fpC-003225-r5-0032.fit.gz
587742773476327513,159.5817,15.19922,0.0934626,5.524137,0.9283012,1.179557,5360,2,40,92,E,fpC-005360-r2-0092.fit.gz
587739153352163630,117.9345,16.52331,0.0539594,5.604437,0.9282728,1.216096,4517,3,40,37,E,fpC-004517-r3-0037.fit.gz
587732771045834848,160.1631,8.861417,0.0513126,4.244189,0.9280649,1.302426,3031,3,40,267,E,fpC-003031-r3-0267.fit.gz
587738569239232830,182.2383,14.82992,0.0776908,3.202842,0.9279808,0.9880391,4381,3,40,77,E,fpC-004381-r3-0077.fit.gz
587733603718332439,212.3005,56.39892,0.0417015,4.598125,0.9279096,1.450776,3225,2,40,49,E,fpC-003225-r2-0049.fit.gz
587732134848364664,180.8002,51.8125,0.0846192,4.982767,0.9278877,1.557013,2883,2,40,184,E,fpC-002883-r2-0184.fit.gz
587726032776593461,159.8311,2.321778,0.0828086,4.212266,0.9277601,1.266495,1462,4,40,230,E,fpC-001462-r4-0230.fit.gz
587739810501230870,246.7371,13.80272,0.052772,4.902534,0.9276991,1.305204,4670,3,40,328,E,fpC-004670-r3-0328.fit.gz
587738573532889307,197.6848,39.09292,0.0728917,4.054711,0.9276561,1.091641,4382,3,40,57,E,fpC-004382-r3-0057.fit.gz
587725816944918615,154.9701,63.95153,0.0410889,5.216689,0.9275157,1.315144,1412,2,40,84,E,fpC-001412-r2-0084.fit.gz
587731890576031887,171.0606,56.65189,0.0462684,4.505572,0.9273994,1.343269,2826,3,40,244,E,fpC-002826-r3-0244.fit.gz
587739828752351629,246.8099,14.33953,0.0501632,7.137063,0.9271771,1.672086,4674,5,40,290,E,fpC-004674-r5-0290.fit.gz
587736976882794704,231.24,28.53314,0.0640276,5.700181,0.9271339,1.162307,4010,5,40,118,E,fpC-004010-r5-0118.fit.gz
587739809420869677,231.6885,18.74225,0.0601278,4.599463,0.9269527,1.243617,4670,1,40,227,E,fpC-004670-r1-0227.fit.gz
587722982295863624,223.2133,-0.7399445,0.0773252,3.764477,0.9269497,1.094602,752,2,40,532,E,fpC-000752-r2-0532.fit.gz
588023668635402535,185.3188,19.49881,0.0304782,4.313978,0.9268407,0.9350293,5225,2,41,137,E,fpC-005225-r2-0137.fit.gz
587732054854664490,133.9243,40.3555,0.0863102,3.252846,0.9267986,0.9352919,2864,5,40,185,E,fpC-002864-r5-0185.fit.gz
587736898501083269,242.273,27.89272,0.0319636,3.951959,0.9267343,1.18049,3992,3,40,140,E,fpC-003992-r3-0140.fit.gz
587729652348092517,247.2256,40.86661,0.0303466,6.276968,0.9266692,1.762362,2305,2,40,44,E,fpC-002305-r2-0044.fit.gz
587741708866683162,135.6927,18.55658,0.0815097,4.897354,0.9262983,0.9840406,5112,3,40,174,E,fpC-005112-r3-0174.fit.gz
587739707957772334,241.4152,18.16436,0.0353937,4.84113,0.9261555,1.231824,4646,4,40,311,E,fpC-004646-r4-0311.fit.gz
587736477055909972,221.2479,9.470972,0.0504191,4.238406,0.9259663,1.216988,3894,2,40,117,E,fpC-003894-r2-0117.fit.gz
587727225157779564,10.47208,-10.83275,0.0528465,5.169404,0.92577,1.194192,1740,1,40,91,E,fpC-001740-r1-0091.fit.gz
588017724401123582,186.471,6.740611,0.0755062,3.310531,0.9257354,1.038488,3841,2,41,144,E,fpC-003841-r2-0144.fit.gz
587739377227661358,118.4508,15.83558,0.0452596,4.177259,0.9254113,1.115212,4569,4,40,42,E,fpC-004569-r4-0042.fit.gz
587745540506976647,125.0268,9.227555,0.0760592,3.968666,0.9253685,1.180703,6004,4,40,61,E,fpC-006004-r4-0061.fit.gz
588023669173846092,189.1086,19.74528,0.0736763,3.292751,0.925073,0.8851431,5225,3,41,161,E,fpC-005225-r3-0161.fit.gz
587739809954529509,224.3666,21.27467,0.0450234,5.424113,0.9247956,1.22877,4670,2,40,178,E,fpC-004670-r2-0178.fit.gz
587738569239232785,182.2152,14.80872,0.078018,4.463698,0.9247691,0.9880391,4381,3,40,77,E,fpC-004381-r3-0077.fit.gz
587727221941338307,338.7531,13.46608,0.0683953,4.791533,0.9246317,1.057996,1739,3,40,164,E,fpC-001739-r3-0164.fit.gz
587731869097394292,180.667,54.78342,0.0489694,4.386544,0.9246154,1.280877,2821,3,40,186,E,fpC-002821-r3-0186.fit.gz
587741489834754166,167.7328,28.54381,0.0320813,6.082925,0.9244897,1.382335,5061,3,40,348,E,fpC-005061-r3-0348.fit.gz
588015508207239211,26.55292,-0.6433611,0.0787331,3.750966,0.9244062,1.175738,3325,2,41,285,E,fpC-003325-r2-0285.fit.gz
587736976883908678,233.8079,27.32211,0.0330395,12.43328,0.9242238,1.103795,4010,5,40,135,E,fpC-004010-r5-0135.fit.gz
587741723357806695,187.7177,28.59019,0.0663876,4.087374,0.9241399,1.27028,5115,6,40,107,E,fpC-005115-r6-0107.fit.gz
587736545778270465,234.4012,4.28275,0.0386777,3.124609,0.9240112,0.9221984,3910,2,40,161,E,fpC-003910-r2-0161.fit.gz
588017625631621139,223.6345,37.07561,0.0314117,4.267717,0.9240024,1.125382,3818,2,41,369,E,fpC-003818-r2-0369.fit.gz
587741420567592977,138.3172,23.09,0.0380918,4.776476,0.9238909,1.542245,5045,2,40,183,E,fpC-005045-r2-0183.fit.gz
587733603728949419,242.7176,41.88583,0.0382849,5.738941,0.923693,1.081587,3225,2,40,211,E,fpC-003225-r2-0211.fit.gz
587735346956927080,167.0764,13.22433,0.0340503,7.298091,0.923669,1.16161,3631,1,40,335,E,fpC-003631-r1-0335.fit.gz
587742627993485348,234.9043,11.157,0.0444472,4.971702,0.9235325,1.397467,5326,3,40,232,E,fpC-005326-r3-0232.fit.gz
588297864192917656,175.4063,47.07983,0.0346082,4.931754,0.9233981,1.445768,3530,3,42,343,E,fpC-003530-r3-0343.fit.gz
588010880379650238,202.8757,5.622556,0.0996827,4.084706,0.9233819,1.240622,2247,6,41,280,E,fpC-002247-r6-0280.fit.gz
587742573224460440,175.4129,20.34375,0.0668514,3.605099,0.9231927,1.162449,5313,5,40,107,E,fpC-005313-r5-0107.fit.gz
587739408396714039,196.0634,35.4155,0.0344337,5.671542,0.922599,1.260038,4576,6,40,508,E,fpC-004576-r6-0508.fit.gz
588017712589046001,220.4036,46.90858,0.0849993,3.675385,0.922552,1.064394,3838,4,41,130,E,fpC-003838-r4-0130.fit.gz
587727226232963252,13.88521,-9.940695,0.0576523,4.849295,0.9225202,1.083004,1740,3,40,113,E,fpC-001740-r3-0113.fit.gz
587725550144454793,214.9787,63.16025,0.068366,5.422827,0.9224184,1.571561,1350,1,40,456,E,fpC-001350-r1-0456.fit.gz
588017567091982416,165.2332,12.23064,0.0344528,5.292571,0.9223447,1.575001,3804,5,41,53,E,fpC-003804-r5-0053.fit.gz
587736543097192833,227.2386,7.887722,0.077575,2.922772,0.9222811,0.9466001,3909,5,40,211,E,fpC-003909-r5-0211.fit.gz
587732482763456537,228.0716,40.43072,0.0321558,5.333547,0.9222528,1.521369,2964,2,40,531,E,fpC-002964-r2-0531.fit.gz
587739377777180694,146.2515,29.4523,0.0310625,6.950328,0.9222199,1.201384,4569,5,40,235,E,fpC-004569-r5-0235.fit.gz
588017978376716566,239.1767,25.83628,0.0730751,3.462409,0.9222178,0.976701,3900,3,41,688,E,fpC-003900-r3-0688.fit.gz
587734305416282350,337.0527,0.5432222,0.058395,5.960629,0.9220247,1.215808,3388,5,40,166,E,fpC-003388-r5-0166.fit.gz
587734623248384060,144.5253,40.29603,0.0415582,3.985052,0.922021,1.202912,3462,5,40,235,E,fpC-003462-r5-0235.fit.gz
587736975809773668,232.5673,27.0975,0.0326008,5.933592,0.9219193,1.203371,4010,3,40,129,E,fpC-004010-r3-0129.fit.gz
587739381789032557,208.2585,33.09125,0.0610114,4.866853,0.9215687,1.283688,4570,4,40,11,E,fpC-004570-r4-0011.fit.gz
587732771052453988,175.4012,9.613944,0.07726,4.554395,0.9215568,1.450624,3031,3,40,368,E,fpC-003031-r3-0368.fit.gz
587726031699443719,151.9927,1.269,0.0451651,3.967018,0.9211894,1.185597,1462,2,40,178,E,fpC-001462-r2-0178.fit.gz
587737810109661323,126.8165,56.33689,0.0440557,5.448979,0.9209018,1.473823,4204,5,40,167,E,fpC-004204-r5-0167.fit.gz
587728308026278052,163.2201,1.886861,0.0396953,4.624531,0.9206684,1.446497,1992,2,40,89,E,fpC-001992-r2-0089.fit.gz
587742576988389530,207.2621,18.64422,0.0622982,4.508211,0.9205693,1.078671,5314,4,40,196,E,fpC-005314-r4-0196.fit.gz
587736586044637369,231.3231,32.96911,0.068177,3.80946,0.9204783,1.163949,3919,5,40,177,E,fpC-003919-r5-0177.fit.gz
587736477059121209,228.5849,8.288722,0.032879,5.289236,0.9204543,1.310956,3894,2,40,166,E,fpC-003894-r2-0166.fit.gz
587739379910115341,208.2588,31.81317,0.0358923,4.701574,0.9202097,1.462062,4570,1,40,13,E,fpC-004570-r1-0013.fit.gz
587725075532546243,147.4952,0.5400556,0.0733014,4.717475,0.9201195,1.467828,1239,5,40,181,E,fpC-001239-r5-0181.fit.gz
588017991772078343,224.262,8.150723,0.0941361,3.963217,0.9200803,1.246402,3903,4,41,285,E,fpC-003903-r4-0285.fit.gz
587731891647873203,163.2831,56.3317,0.0771847,4.724888,0.919999,1.488084,2826,5,40,215,E,fpC-002826-r5-0215.fit.gz
588018054575226918,211.4742,48.36558,0.0527292,4.838828,0.9197776,1.19274,3918,1,41,121,E,fpC-003918-r1-0121.fit.gz
587741708340035673,159.8711,24.76647,0.0537433,4.147819,0.9196351,1.069788,5112,2,40,330,E,fpC-005112-r2-0330.fit.gz
587729228227805330,244.9178,50.554,0.0558796,6.599813,0.9194191,1.761706,2206,4,40,162,E,fpC-002206-r4-0162.fit.gz
587733424407904358,214.6675,56.46955,0.0740784,8.585155,0.9193237,1.746567,3183,4,40,117,E,fpC-003183-r4-0117.fit.gz
587729159518945292,230.5079,3.75175,0.0371359,5.446001,0.9192019,1.366164,2190,4,40,324,E,fpC-002190-r4-0324.fit.gz
587731185659871384,343.6447,-0.5710555,0.0679411,4.40892,0.9191597,1.084438,2662,2,40,173,E,fpC-002662-r2-0173.fit.gz
587735236343300241,118.4295,21.50056,0.048061,4.951668,0.9189171,1.464741,3605,3,40,57,E,fpC-003605-r3-0057.fit.gz
587739406257946797,218.6435,29.41183,0.0316694,3.873293,0.9187953,1.117602,4576,2,40,641,E,fpC-004576-r2-0641.fit.gz
587742571077500942,176.8126,18.71589,0.037858,3.270629,0.9185609,1.06728,5313,1,40,115,E,fpC-005313-r1-0115.fit.gz
588007004726100159,236.2767,53.25797,0.0411842,4.606126,0.9183706,1.199458,1345,3,41,548,E,fpC-001345-r3-0548.fit.gz
587742610812698666,242.1365,9.606722,0.033924,5.689516,0.9183567,1.250421,5322,3,40,218,E,fpC-005322-r3-0218.fit.gz
588015510353805384,24.48212,1.001361,0.0430997,5.837547,0.9183503,1.217961,3325,6,41,271,E,fpC-003325-r6-0271.fit.gz
587736543626068026,208.797,10.02197,0.0380342,4.393073,0.9182481,1.107911,3909,6,40,89,E,fpC-003909-r6-0089.fit.gz
587722982827819184,211.9722,-0.3243611,0.0531485,4.494936,0.9182022,1.35046,752,3,40,457,E,fpC-000752-r3-0457.fit.gz
587735661015859485,160.0766,38.90694,0.0838276,4.073105,0.9180425,1.200588,3704,2,40,174,E,fpC-003704-r2-0174.fit.gz
587729751136469278,254.1238,33.06267,0.0866566,4.87013,0.9178204,1.217505,2328,2,40,107,E,fpC-002328-r2-0107.fit.gz
587733603180216440,207.3185,56.92778,0.0348111,4.358505,0.9178056,1.225196,3225,1,40,30,E,fpC-003225-r1-0030.fit.gz
587732135921451077,178.3774,52.68945,0.0716599,5.423732,0.9177717,1.387733,2883,4,40,174,E,fpC-002883-r4-0174.fit.gz
587728309098840178,160.498,2.630278,0.0780081,4.877697,0.917715,1.529774,1992,4,40,71,E,fpC-001992-r4-0071.fit.gz
587739720843657436,234.0367,20.7645,0.0503171,4.056336,0.9176117,1.279064,4649,4,40,326,E,fpC-004649-r4-0326.fit.gz
588015509277507604,18.58979,0.1797222,0.0442377,4.176323,0.9175984,1.187542,3325,4,41,232,E,fpC-003325-r4-0232.fit.gz
587731913109668087,138.2822,47.70842,0.0513755,4.723306,0.9173985,1.044787,2831,5,40,16,E,fpC-002831-r5-0016.fit.gz
587736584428126264,215.7388,37.52742,0.0322022,4.123573,0.9173847,1.008986,3919,2,40,87,E,fpC-003919-r2-0087.fit.gz
587742611339870231,220.117,14.82725,0.0304432,4.024874,0.917285,0.9917355,5322,4,40,70,E,fpC-005322-r4-0070.fit.gz
588023239133495483,136.8355,16.65189,0.0728411,6.640315,0.9171443,1.549039,5125,2,41,58,E,fpC-005125-r2-0058.fit.gz
587735744230588668,248.721,26.67264,0.0701731,4.665127,0.9171132,1.248059,3723,5,40,170,E,fpC-003723-r5-0170.fit.gz
587724650328948786,175.8723,-1.667972,0.044609,5.568713,0.9170899,1.271296,1140,5,40,153,E,fpC-001140-r5-0153.fit.gz
587736546318484230,242.0674,3.960833,0.0404669,4.092976,0.9170098,0.9057255,3910,3,40,212,E,fpC-003910-r3-0212.fit.gz
587741490376540411,180.4555,30.122,0.0800656,3.431374,0.9167226,1.08797,5061,4,40,423,E,fpC-005061-r4-0423.fit.gz
587742189367197880,182.1713,24.28644,0.0792043,5.612297,0.9165459,1.250521,5224,2,40,190,E,fpC-005224-r2-0190.fit.gz
587741421634519106,123.076,16.98042,0.0445258,6.703671,0.9164847,1.437083,5045,4,40,79,E,fpC-005045-r4-0079.fit.gz
587731873921433614,116.9116,30.98769,0.055024,3.530398,0.9164789,1.093908,2822,4,40,67,E,fpC-002822-r4-0067.fit.gz
587742550692003859,245.0372,10.12086,0.0997881,4.048618,0.9164708,1.02581,5308,3,40,353,E,fpC-005308-r3-0353.fit.gz
587732703404359829,163.7923,7.684556,0.0487037,3.8176,0.9161552,1.225281,3015,5,40,332,E,fpC-003015-r5-0332.fit.gz
587732482729967681,127.8645,32.32411,0.0512258,4.293354,0.9160749,1.094747,2964,2,40,20,E,fpC-002964-r2-0020.fit.gz
587736586039918631,219.431,37.62997,0.0711092,4.522535,0.9159181,1.068225,3919,5,40,105,E,fpC-003919-r5-0105.fit.gz
588017992294858855,191.6832,10.67214,0.0540931,4.707448,0.9159129,1.351547,3903,5,41,70,E,fpC-003903-r5-0070.fit.gz
588011219670859789,199.164,62.63283,0.0344063,3.705345,0.9158825,1.216185,2326,6,41,109,E,fpC-002326-r6-0109.fit.gz
587733604799217673,235.5748,48.21567,0.0345175,5.092905,0.9154505,1.00369,3225,4,40,158,E,fpC-003225-r4-0158.fit.gz
588017704028274880,235.6901,8.241111,0.041154,9.181278,0.915391,1.433416,3836,4,41,575,E,fpC-003836-r4-0575.fit.gz
587738372745330981,123.8429,22.72931,0.0989338,8.517847,0.9153684,1.384546,4335,5,40,90,E,fpC-004335-r5-0090.fit.gz
588013383281541253,186.9851,52.52347,0.0837452,4.607085,0.9153521,1.183012,2830,4,41,428,E,fpC-002830-r4-0428.fit.gz
587739131889057914,231.8109,27.6035,0.074297,4.039117,0.91526,0.9146948,4512,3,40,216,E,fpC-004512-r3-0216.fit.gz
587733441582530788,231.3188,47.33008,0.075534,3.441877,0.915211,1.131817,3187,4,40,37,E,fpC-003187-r4-0037.fit.gz
587732703396888650,146.6775,6.683195,0.0317678,3.891355,0.9150032,1.257922,3015,5,40,218,E,fpC-003015-r5-0218.fit.gz
587731500259541075,155.1181,53.85636,0.0323382,5.768003,0.9149505,1.083725,2735,4,40,71,E,fpC-002735-r4-0071.fit.gz
587736899302785206,234.7589,33.08014,0.0545973,4.997293,0.9149185,1.481468,3992,4,40,85,E,fpC-003992-r4-0085.fit.gz
587738066739855417,148.8243,68.61884,0.039222,5.179394,0.9147848,1.654508,4264,3,40,257,E,fpC-004264-r3-0257.fit.gz
588017978900283430,206.2198,38.12583,0.0779174,4.172549,0.914432,1.33346,3900,4,41,485,E,fpC-003900-r4-0485.fit.gz
587729386609967112,158.2454,56.74814,0.044845,6.769432,0.914311,1.428404,2243,3,40,242,E,fpC-002243-r3-0242.fit.gz
587742012764520619,226.881,16.19783,0.0447332,6.65901,0.9142906,1.18682,5183,1,40,615,E,fpC-005183-r1-0615.fit.gz
588848900438032493,153.6548,0.3415278,0.071139,3.576499,0.9142893,1.152443,756,4,44,253,E,fpC-000756-r4-0253.fit.gz
587726016684294160,190.828,3.550167,0.0477584,4.854362,0.9142272,1.489402,1458,6,40,441,E,fpC-001458-r6-0441.fit.gz
587733441047298106,235.2313,44.812,0.0368925,4.24156,0.914152,1.069025,3187,3,40,62,E,fpC-003187-r3-0062.fit.gz
587731186206507141,5.916167,-0.1208611,0.0639271,6.328355,0.9141468,1.253561,2662,3,40,322,E,fpC-002662-r3-0322.fit.gz
587742012761112820,218.943,17.92325,0.0494564,3.800228,0.9139802,1.225231,5183,1,40,563,E,fpC-005183-r1-0563.fit.gz
587730774948053534,326.1137,12.29583,0.0744786,4.673643,0.913917,1.194962,2566,5,40,88,E,fpC-002566-r5-0088.fit.gz
587738569251094671,210.1323,13.53197,0.0783562,4.521523,0.9138983,1.037717,4381,3,40,258,E,fpC-004381-r3-0258.fit.gz
587739826586779755,204.1844,24.97992,0.0746297,7.652534,0.9137115,1.780819,4674,1,40,14,E,fpC-004674-r1-0014.fit.gz
587736586052960761,249.2717,22.27178,0.0613916,4.270183,0.9136389,1.363965,3919,5,40,304,E,fpC-003919-r5-0304.fit.gz
587742901789589668,189.8661,16.42939,0.069496,6.739278,0.912993,0.9839878,5390,1,40,109,E,fpC-005390-r1-0109.fit.gz
587736525906509978,206.609,7.681889,0.0545537,4.47796,0.9129735,1.182852,3905,5,40,46,E,fpC-003905-r5-0046.fit.gz
587734893014876194,164.5317,9.276139,0.0344384,5.66605,0.9129361,1.439915,3525,3,40,65,E,fpC-003525-r3-0065.fit.gz
587736542015127621,208.0018,8.882028,0.0376578,3.614635,0.9128582,0.9976887,3909,3,40,84,E,fpC-003909-r3-0084.fit.gz
587739382066708509,231.3874,26.54761,0.0342688,4.708927,0.9127873,1.286319,4570,5,40,152,E,fpC-004570-r5-0152.fit.gz
587732578293973387,123.8824,3.8445,0.0863607,4.511696,0.9126586,1.207537,2986,4,40,35,E,fpC-002986-r4-0035.fit.gz
587736542560583855,227.8167,7.4895,0.0457001,4.810799,0.9123443,0.9507513,3909,4,40,215,E,fpC-003909-r4-0215.fit.gz
587741491451134213,182.7392,30.88142,0.0740103,5.90215,0.9119605,1.065777,5061,6,40,436,E,fpC-005061-r6-0436.fit.gz
587735666377293859,203.6509,56.46447,0.0301941,5.805643,0.9119394,1.495543,3705,4,40,63,E,fpC-003705-r4-0063.fit.gz
587745403080146952,152.3018,15.00511,0.0306436,6.945979,0.911803,1.349979,5972,4,40,246,E,fpC-005972-r4-0246.fit.gz
587727213886767202,328.4426,-7.853028,0.0722582,3.393577,0.911559,0.9962772,1737,4,40,141,E,fpC-001737-r4-0141.fit.gz
587727867256438956,120.1768,40.02731,0.066577,5.126851,0.9115289,1.359793,1889,5,40,107,E,fpC-001889-r5-0107.fit.gz
587735697525374991,216.8333,54.28892,0.0437724,4.575268,0.9114844,1.491723,3712,6,40,209,E,fpC-003712-r6-0209.fit.gz
